district,date,rainfall_mm
Thanjavur,2018-01,132.4
Thanjavur,2018-02,136.8
Thanjavur,2018-03,124.1
Thanjavur,2018-04,120.9
Thanjavur,2018-05,110.1
Thanjavur,2018-06,183.8
Thanjavur,2018-07,178.3
Thanjavur,2018-08,207.7
Thanjavur,2018-09,128.8
Thanjavur,2018-10,345.8
Thanjavur,2018-11,361.7
Thanjavur,2018-12,357.8
Thanjavur,2019-01,126.4
Thanjavur,2019-02,126.5
Thanjavur,2019-03,145.4
Thanjavur,2019-04,122.7
Thanjavur,2019-05,114.3
Thanjavur,2019-06,209.5
Thanjavur,2019-07,181.0
Thanjavur,2019-08,218.6
Thanjavur,2019-09,109.5
Thanjavur,2019-10,355.2
Thanjavur,2019-11,349.4
Thanjavur,2019-12,355.9
Thanjavur,2020-01,111.9
Thanjavur,2020-02,130.3
Thanjavur,2020-03,133.4
Thanjavur,2020-04,134.4
Thanjavur,2020-05,126.6
Thanjavur,2020-06,183.5
Thanjavur,2020-07,161.7
Thanjavur,2020-08,176.2
Thanjavur,2020-09,134.7
Thanjavur,2020-10,344.5
Thanjavur,2020-11,359.3
Thanjavur,2020-12,380.8
Thanjavur,2021-01,129.1
Thanjavur,2021-02,118.1
Thanjavur,2021-03,139.7
Thanjavur,2021-04,117.1
Thanjavur,2021-05,132.3
Thanjavur,2021-06,231.3
Thanjavur,2021-07,184.5
Thanjavur,2021-08,171.6
Thanjavur,2021-09,138.7
Thanjavur,2021-10,373.8
Thanjavur,2021-11,416.5
Thanjavur,2021-12,336.2
Thanjavur,2022-01,137.6
Thanjavur,2022-02,130.9
Thanjavur,2022-03,144.3
Thanjavur,2022-04,126.7
Thanjavur,2022-05,119.9
Thanjavur,2022-06,185.9
Thanjavur,2022-07,218.6
Thanjavur,2022-08,229.9
Thanjavur,2022-09,120.5
Thanjavur,2022-10,366.8
Thanjavur,2022-11,374.6
Thanjavur,2022-12,348.5
Pudukkottai,2018-01,85.4
Pudukkottai,2018-02,69.7
Pudukkottai,2018-03,82.4
Pudukkottai,2018-04,64.8
Pudukkottai,2018-05,84.3
Pudukkottai,2018-06,139.8
Pudukkottai,2018-07,94.3
Pudukkottai,2018-08,158.1
Pudukkottai,2018-09,87.6
Pudukkottai,2018-10,254.0
Pudukkottai,2018-11,225.0
Pudukkottai,2018-12,234.0
Pudukkottai,2019-01,81.3
Pudukkottai,2019-02,67.3
Pudukkottai,2019-03,84.2
Pudukkottai,2019-04,64.2
Pudukkottai,2019-05,69.8
Pudukkottai,2019-06,130.5
Pudukkottai,2019-07,114.4
Pudukkottai,2019-08,105.3
Pudukkottai,2019-09,88.3
Pudukkottai,2019-10,245.4
Pudukkottai,2019-11,231.4
Pudukkottai,2019-12,230.7
Pudukkottai,2020-01,78.5
Pudukkottai,2020-02,82.2
Pudukkottai,2020-03,57.9
Pudukkottai,2020-04,86.0
Pudukkottai,2020-05,92.2
Pudukkottai,2020-06,106.2
Pudukkottai,2020-07,147.9
Pudukkottai,2020-08,114.6
Pudukkottai,2020-09,70.8
Pudukkottai,2020-10,272.8
Pudukkottai,2020-11,265.2
Pudukkottai,2020-12,219.4
Pudukkottai,2021-01,69.9
Pudukkottai,2021-02,79.6
Pudukkottai,2021-03,62.5
Pudukkottai,2021-04,66.1
Pudukkottai,2021-05,77.8
Pudukkottai,2021-06,141.8
Pudukkottai,2021-07,136.8
Pudukkottai,2021-08,107.7
Pudukkottai,2021-09,77.4
Pudukkottai,2021-10,196.1
Pudukkottai,2021-11,230.9
Pudukkottai,2021-12,244.3
Pudukkottai,2022-01,75.2
Pudukkottai,2022-02,63.1
Pudukkottai,2022-03,66.5
Pudukkottai,2022-04,75.5
Pudukkottai,2022-05,70.9
Pudukkottai,2022-06,140.2
Pudukkottai,2022-07,123.9
Pudukkottai,2022-08,120.1
Pudukkottai,2022-09,76.5
Pudukkottai,2022-10,226.7
Pudukkottai,2022-11,249.1
Pudukkottai,2022-12,257.6
