site_id,district,lat,lon,soil_permeability,slope_deg,land_use,dist_to_water_km,existing_structure,lineament_density,constraint_protected,constraint_built_up,constraint_saline
S_THA_001,Thanjavur,10.6429,79.5106,6.74,0.51,Scrubland,6.61,0,,0,0,0
S_THA_002,Thanjavur,10.69034,79.24975,2.54,6.68,Settlement,5.13,0,,0,1,0
S_THA_003,Thanjavur,10.74202,79.45583,3.28,3.66,Waterbody,7.17,0,,0,0,0
S_THA_004,Thanjavur,10.93921,79.5074,3.91,6.39,Forest,7.67,1,,1,0,0
S_THA_005,Thanjavur,10.65681,79.19263,7.28,6.78,Settlement,8.48,0,,0,1,0
S_THA_006,Thanjavur,10.90005,79.54008,2.69,0.88,Agricultural,5.61,1,,0,0,0
S_THA_007,Thanjavur,10.65707,79.50239,7.78,3.44,Forest,10.05,0,,1,0,0
S_THA_008,Thanjavur,10.71829,79.35476,5.96,3.85,Settlement,1.53,0,,0,1,0
S_THA_009,Thanjavur,10.8372,79.42594,3.56,7.67,Agricultural,9.9,0,,0,0,0
S_THA_010,Thanjavur,10.81579,79.22483,3.32,4.69,Forest,4.58,0,,1,0,0
S_THA_011,Thanjavur,10.93423,79.42567,8.08,5.14,Forest,10.7,0,,1,0,0
S_THA_012,Thanjavur,10.74399,79.29401,5.44,2.82,Settlement,11.26,0,,0,1,0
S_THA_013,Thanjavur,10.92887,79.24647,3.13,4.84,Scrubland,4.06,0,,0,0,0
S_THA_014,Thanjavur,10.92436,79.41359,4.61,1.04,Settlement,5.55,1,,0,1,0
S_THA_015,Thanjavur,10.85045,79.27241,7.18,0.38,Forest,8.26,0,,1,0,1
S_THA_016,Thanjavur,10.60681,79.41703,3.25,3.7,Forest,9.77,1,,1,0,0
S_THA_017,Thanjavur,10.87909,79.48319,2.12,4.3,Settlement,9.38,0,,0,1,0
S_THA_018,Thanjavur,10.91526,79.22187,7.3,7.81,Scrubland,6.61,0,,0,0,0
S_THA_019,Thanjavur,10.78335,79.19292,5.75,0.27,Agricultural,2.95,0,,0,0,0
S_THA_020,Thanjavur,10.66901,79.24416,3.17,3.67,Agricultural,7.61,0,,0,0,0
S_THA_021,Thanjavur,10.66328,79.29069,5.28,1.46,Forest,7.73,0,,1,0,1
S_THA_022,Thanjavur,10.89589,79.42779,8.67,5.31,Agricultural,9.76,0,,0,0,0
S_THA_023,Thanjavur,10.63053,79.29687,4.42,1.62,Agricultural,10.44,0,,0,0,0
S_THA_024,Thanjavur,10.79117,79.41206,4.04,1.13,Forest,8.46,1,,1,0,0
S_THA_025,Thanjavur,10.6712,79.54792,7.26,0.14,Scrubland,7.59,1,,0,0,0
S_THA_026,Thanjavur,10.70545,79.20517,3.47,3.62,Settlement,3.27,1,,0,1,0
S_THA_027,Thanjavur,10.942,79.44129,6.71,6.38,Settlement,3.39,0,,0,1,0
S_THA_028,Thanjavur,10.69682,79.31455,6.81,1.17,Waterbody,4.26,0,,0,0,0
S_THA_029,Thanjavur,10.83923,79.28818,3.43,3.15,Agricultural,1.62,0,,0,0,0
S_THA_030,Thanjavur,10.86858,79.37075,8.94,3.59,Scrubland,3.17,1,,0,0,0
S_THA_031,Thanjavur,10.70088,79.15317,5.12,1.95,Scrubland,8.66,0,,0,0,0
S_THA_032,Thanjavur,10.6513,79.24191,2.89,0.86,Scrubland,4.46,1,,0,0,1
S_THA_033,Thanjavur,10.87026,79.22328,7.55,1.44,Forest,3.86,0,,1,0,0
S_THA_034,Thanjavur,10.75877,79.37469,6.22,3.76,Settlement,3.45,1,,0,1,0
S_THA_035,Thanjavur,10.70076,79.20125,7.74,2.26,Scrubland,9.91,1,,0,0,1
S_THA_036,Thanjavur,10.67407,79.12133,7.9,3.1,Scrubland,4.55,0,,0,0,0
S_THA_037,Thanjavur,10.94427,79.11829,6.78,1.05,Forest,11.92,0,,1,0,0
S_THA_038,Thanjavur,10.82621,79.44854,7.28,6.77,Forest,1.46,0,,1,0,0
S_THA_039,Thanjavur,10.78307,79.40772,6.56,1.45,Forest,4.38,0,,1,0,0
S_THA_040,Thanjavur,10.63997,79.4823,5.67,6.44,Agricultural,3.86,1,,0,0,0
S_PUD_001,Pudukkottai,10.3075,78.95529,7.84,0.48,Forest,6.97,0,1.59,1,0,0
S_PUD_002,Pudukkottai,10.36248,78.95346,2.2,7.94,Waterbody,10.6,0,1.68,0,0,0
S_PUD_003,Pudukkottai,10.24727,78.96811,4.38,4.56,Agricultural,11.07,0,1.63,0,0,0
S_PUD_004,Pudukkottai,10.24837,78.94288,5.7,7.43,Scrubland,7.18,1,2.06,0,0,1
S_PUD_005,Pudukkottai,10.34426,78.86548,3.64,7.53,Waterbody,11.8,1,1.03,0,0,0
S_PUD_006,Pudukkottai,10.50104,78.83321,7.77,7.31,Agricultural,9.28,0,3.03,0,0,0
S_PUD_007,Pudukkottai,10.23023,78.77173,2.46,4.03,Waterbody,5.01,0,0.69,0,0,1
S_PUD_008,Pudukkottai,10.36789,78.75024,8.34,5.34,Agricultural,5.09,0,1.26,0,0,0
S_PUD_009,Pudukkottai,10.24075,79.05844,6.13,2.45,Forest,4.89,0,2.1,1,0,0
S_PUD_010,Pudukkottai,10.31158,78.66663,7.47,1.2,Settlement,0.59,1,1.68,0,1,0
S_PUD_011,Pudukkottai,10.4965,78.95759,7.12,2.92,Settlement,1.78,0,3.02,0,1,0
S_PUD_012,Pudukkottai,10.49675,78.75187,2.22,4.76,Waterbody,9.44,0,1.32,0,0,0
S_PUD_013,Pudukkottai,10.28994,78.85726,8.88,3.8,Scrubland,9.79,0,2.33,0,0,0
S_PUD_014,Pudukkottai,10.5096,79.07542,5.65,5.06,Agricultural,10.83,0,0.6,0,0,0
S_PUD_015,Pudukkottai,10.40599,79.08138,2.32,1.68,Forest,2.98,0,0.75,1,0,0
S_PUD_016,Pudukkottai,10.39259,78.76147,8.19,6.51,Waterbody,4.17,0,0.9,0,0,0
S_PUD_017,Pudukkottai,10.54051,78.67124,8.78,3.62,Forest,10.86,1,0.58,1,0,0
S_PUD_018,Pudukkottai,10.42005,79.08694,8.37,6.87,Agricultural,3.18,0,2.51,0,0,0
S_PUD_019,Pudukkottai,10.34551,78.95113,2.86,1.51,Settlement,10.27,0,3.09,0,1,0
S_PUD_020,Pudukkottai,10.36741,79.02357,6.63,0.36,Agricultural,2.88,1,2.08,0,0,0
S_PUD_021,Pudukkottai,10.54203,79.02341,8.53,3.2,Agricultural,0.38,0,2.26,0,0,0
S_PUD_022,Pudukkottai,10.35889,78.85158,8.35,4.52,Agricultural,7.33,0,0.27,0,0,0
S_PUD_023,Pudukkottai,10.28698,78.92165,8.85,2.29,Settlement,5.14,1,1.81,0,1,0
S_PUD_024,Pudukkottai,10.37084,78.74975,3.1,1.79,Waterbody,6.61,1,0.94,0,0,0
S_PUD_025,Pudukkottai,10.27497,78.75929,7.37,2.32,Forest,0.98,0,2.72,1,0,0
S_PUD_026,Pudukkottai,10.38786,78.8851,4.81,3.45,Agricultural,9.39,0,0.84,0,0,0
S_PUD_027,Pudukkottai,10.50074,79.04298,5.61,4.04,Agricultural,5.53,0,0.72,0,0,0
S_PUD_028,Pudukkottai,10.2178,78.82752,5.32,5.11,Settlement,8.29,1,0.48,0,1,0
S_PUD_029,Pudukkottai,10.26706,78.78928,7.85,1.05,Scrubland,2.35,0,1.06,0,0,0
S_PUD_030,Pudukkottai,10.46066,78.86641,2.6,0.32,Scrubland,2.63,0,2.36,0,0,0
S_PUD_031,Pudukkottai,10.26419,78.70178,4.38,3.32,Settlement,11.38,1,1.22,0,1,0
S_PUD_032,Pudukkottai,10.27195,78.88745,8.37,7.04,Settlement,4.52,1,0.1,0,1,0
S_PUD_033,Pudukkottai,10.40627,78.97072,2.18,0.22,Scrubland,5.1,0,3.1,0,0,0
S_PUD_034,Pudukkottai,10.37315,78.86348,6.81,6.43,Agricultural,3.95,0,2.45,0,0,0
S_PUD_035,Pudukkottai,10.21101,79.00608,7.67,3.12,Agricultural,1.96,0,1.06,0,0,0
S_PUD_036,Pudukkottai,10.2438,78.74173,7.77,7.49,Scrubland,7.33,0,0.44,0,0,1
S_PUD_037,Pudukkottai,10.46987,78.98212,7.07,6.41,Agricultural,1.6,0,0.21,0,0,0
S_PUD_038,Pudukkottai,10.35525,79.021,4.96,2.79,Settlement,10.39,0,1.48,0,1,0
S_PUD_039,Pudukkottai,10.29366,78.97485,8.04,0.35,Waterbody,1.17,0,3.07,0,0,0
S_PUD_040,Pudukkottai,10.29269,78.98944,5.08,3.14,Settlement,2.3,0,2.27,0,1,0
