well_id,district,lat,lon,aquifer_type,soil_permeability,slope_deg,land_use,dist_to_water_km,existing_structure,lineament_density
W_THA_001,Thanjavur,10.87088,79.40078,Alluvial,6.09,5.23,Settlement,5.05,1,
W_THA_002,Thanjavur,10.75361,79.31199,Alluvial,5.46,2.71,Settlement,1.33,0,
W_THA_003,Thanjavur,10.90051,79.35436,Deltaic,3.19,7.41,Forest,4.23,0,
W_THA_004,Thanjavur,10.84408,79.44425,Alluvial,2.16,7.67,Waterbody,9.41,1,
W_THA_005,Thanjavur,10.63296,79.38562,Deltaic,5.41,3.98,Waterbody,6.9,0,
W_THA_006,Thanjavur,10.94147,79.34911,Deltaic,3.87,2.72,Waterbody,5.32,1,
W_THA_007,Thanjavur,10.8664,79.35164,Alluvial,7.78,7.18,Waterbody,6.69,1,
W_THA_008,Thanjavur,10.87512,79.23678,Deltaic,6.71,2.32,Scrubland,8.75,0,
W_THA_009,Thanjavur,10.64484,79.11387,Alluvial,2.75,7.34,Forest,0.55,0,
W_THA_010,Thanjavur,10.75764,79.29652,Deltaic,4.6,6.66,Waterbody,3.87,0,
W_THA_011,Thanjavur,10.72978,79.19656,Alluvial,4.04,4.17,Forest,11.24,0,
W_THA_012,Thanjavur,10.92437,79.28384,Deltaic,2.31,3.54,Forest,10.71,0,
W_THA_013,Thanjavur,10.82535,79.48403,Deltaic,8.24,7.16,Agricultural,3.86,0,
W_THA_014,Thanjavur,10.88797,79.20527,Alluvial,6.63,3.05,Forest,8.99,0,
W_THA_015,Thanjavur,10.75519,79.12624,Alluvial,8.56,2.0,Agricultural,9.99,0,
W_THA_016,Thanjavur,10.67953,79.22662,Deltaic,3.25,4.84,Settlement,2.44,0,
W_THA_017,Thanjavur,10.7941,79.23212,Deltaic,7.44,7.78,Waterbody,1.81,1,
W_THA_018,Thanjavur,10.62234,79.39786,Deltaic,3.61,1.14,Agricultural,1.55,0,
W_THA_019,Thanjavur,10.88967,79.35066,Alluvial,6.86,4.69,Waterbody,9.67,0,
W_THA_020,Thanjavur,10.82108,79.45275,Alluvial,7.17,1.14,Waterbody,11.14,0,
W_THA_021,Thanjavur,10.86533,79.39894,Deltaic,4.11,3.96,Waterbody,11.47,0,
W_THA_022,Thanjavur,10.72408,79.28287,Deltaic,8.47,0.3,Waterbody,7.64,1,
W_THA_023,Thanjavur,10.93974,79.46631,Deltaic,2.98,3.41,Agricultural,7.19,0,
W_THA_024,Thanjavur,10.91259,79.17514,Deltaic,7.63,3.79,Settlement,0.31,1,
W_THA_025,Thanjavur,10.87243,79.11022,Alluvial,7.81,6.39,Waterbody,6.42,0,
W_THA_026,Thanjavur,10.66812,79.14052,Alluvial,8.07,4.86,Scrubland,4.55,0,
W_THA_027,Thanjavur,10.76335,79.42506,Alluvial,6.56,6.95,Scrubland,3.05,0,
W_THA_028,Thanjavur,10.61533,79.30784,Alluvial,7.22,6.55,Forest,0.89,0,
W_THA_029,Thanjavur,10.654,79.17257,Alluvial,3.02,6.61,Scrubland,1.81,0,
W_THA_030,Thanjavur,10.83907,79.32547,Alluvial,3.16,2.35,Waterbody,1.47,1,
W_THA_031,Thanjavur,10.86067,79.16854,Alluvial,2.39,1.48,Forest,7.13,0,
W_THA_032,Thanjavur,10.93863,79.41334,Deltaic,4.76,2.61,Forest,10.51,0,
W_THA_033,Thanjavur,10.71404,79.30077,Alluvial,2.3,1.53,Forest,3.07,0,
W_THA_034,Thanjavur,10.72966,79.27146,Alluvial,4.91,0.49,Agricultural,6.33,1,
W_THA_035,Thanjavur,10.76434,79.23568,Deltaic,7.83,0.51,Waterbody,1.28,0,
W_THA_036,Thanjavur,10.66631,79.38363,Deltaic,8.32,7.84,Scrubland,9.38,0,
W_THA_037,Thanjavur,10.64547,79.26282,Deltaic,7.45,1.16,Forest,6.22,0,
W_THA_038,Thanjavur,10.7665,79.13944,Deltaic,5.24,3.14,Settlement,3.27,1,
W_THA_039,Thanjavur,10.67942,79.1531,Alluvial,5.35,3.39,Settlement,4.47,0,
W_THA_040,Thanjavur,10.83443,79.53285,Deltaic,4.29,3.1,Agricultural,3.63,0,
W_THA_041,Thanjavur,10.753,79.50886,Alluvial,8.41,3.9,Settlement,6.47,0,
W_THA_042,Thanjavur,10.89144,79.41487,Deltaic,6.57,6.45,Waterbody,7.63,0,
W_THA_043,Thanjavur,10.84509,79.21964,Deltaic,7.14,1.7,Waterbody,10.34,1,
W_THA_044,Thanjavur,10.70933,79.53613,Deltaic,6.3,0.85,Settlement,1.11,0,
W_THA_045,Thanjavur,10.89129,79.45044,Deltaic,2.96,7.68,Agricultural,7.16,0,
W_THA_046,Thanjavur,10.88167,79.4226,Alluvial,7.57,7.57,Agricultural,7.12,1,
W_THA_047,Thanjavur,10.73562,79.30221,Deltaic,6.31,1.45,Agricultural,6.91,0,
W_THA_048,Thanjavur,10.70091,79.22251,Deltaic,5.66,6.13,Forest,5.96,0,
W_THA_049,Thanjavur,10.83887,79.14338,Alluvial,8.52,1.05,Settlement,1.14,0,
W_THA_050,Thanjavur,10.64891,79.50617,Deltaic,4.93,6.22,Scrubland,4.07,0,
W_THA_051,Thanjavur,10.66997,79.3051,Alluvial,7.34,2.24,Settlement,3.84,0,
W_THA_052,Thanjavur,10.60258,79.19106,Alluvial,3.03,7.5,Waterbody,4.66,0,
W_THA_053,Thanjavur,10.87542,79.23768,Deltaic,5.87,7.5,Scrubland,5.8,0,
W_THA_054,Thanjavur,10.8327,79.36065,Deltaic,8.91,5.77,Forest,1.51,0,
W_THA_055,Thanjavur,10.84681,79.17955,Deltaic,6.46,1.06,Waterbody,8.26,1,
W_THA_056,Thanjavur,10.87326,79.48548,Alluvial,5.18,6.62,Waterbody,5.56,0,
W_THA_057,Thanjavur,10.76062,79.44133,Deltaic,4.11,7.36,Settlement,1.42,0,
W_THA_058,Thanjavur,10.79906,79.42376,Deltaic,8.15,2.34,Settlement,1.37,0,
W_THA_059,Thanjavur,10.64893,79.29444,Alluvial,6.66,5.24,Settlement,10.77,1,
W_THA_060,Thanjavur,10.64009,79.38229,Deltaic,3.69,1.23,Forest,2.46,0,
W_PUD_001,Pudukkottai,10.42969,78.83395,Weathered,8.92,4.49,Scrubland,11.88,1,1.62
W_PUD_002,Pudukkottai,10.21266,78.74793,Weathered,4.75,0.73,Forest,5.26,0,0.61
W_PUD_003,Pudukkottai,10.2019,78.91474,Crystalline,3.27,7.27,Forest,2.87,0,1.77
W_PUD_004,Pudukkottai,10.21808,78.79267,Crystalline,6.11,4.0,Agricultural,3.0,0,2.27
W_PUD_005,Pudukkottai,10.41207,78.66623,Weathered,6.54,5.39,Settlement,0.79,0,1.93
W_PUD_006,Pudukkottai,10.48052,78.83828,Crystalline,4.37,6.77,Scrubland,9.25,0,1.82
W_PUD_007,Pudukkottai,10.28349,78.86336,Weathered,8.37,4.74,Agricultural,4.15,0,1.91
W_PUD_008,Pudukkottai,10.49729,78.75152,Weathered,2.73,3.25,Forest,7.61,0,1.25
W_PUD_009,Pudukkottai,10.22003,78.90761,Weathered,3.34,0.3,Settlement,5.43,0,2.13
W_PUD_010,Pudukkottai,10.48034,78.9046,Weathered,2.05,2.3,Agricultural,7.64,0,2.21
W_PUD_011,Pudukkottai,10.52473,78.9659,Weathered,5.34,6.12,Settlement,8.68,0,2.76
W_PUD_012,Pudukkottai,10.47024,78.94158,Weathered,8.07,1.0,Waterbody,5.34,0,2.32
W_PUD_013,Pudukkottai,10.44434,78.94359,Crystalline,8.79,7.88,Agricultural,8.83,0,1.28
W_PUD_014,Pudukkottai,10.49329,78.7923,Weathered,2.87,0.42,Waterbody,5.93,0,1.68
W_PUD_015,Pudukkottai,10.21405,79.00434,Weathered,8.85,3.35,Agricultural,1.11,0,2.83
W_PUD_016,Pudukkottai,10.27062,78.89711,Crystalline,8.47,6.6,Scrubland,4.54,1,0.47
W_PUD_017,Pudukkottai,10.24372,78.84414,Weathered,6.73,5.73,Settlement,10.4,0,2.82
W_PUD_018,Pudukkottai,10.37659,78.93171,Weathered,2.34,1.95,Agricultural,10.31,1,1.85
W_PUD_019,Pudukkottai,10.46082,78.8123,Crystalline,6.74,0.33,Settlement,10.76,0,0.91
W_PUD_020,Pudukkottai,10.4205,78.88073,Weathered,7.97,2.85,Settlement,3.66,0,1.45
W_PUD_021,Pudukkottai,10.4979,78.98152,Crystalline,3.92,7.1,Forest,1.11,0,2.54
W_PUD_022,Pudukkottai,10.25432,79.04888,Crystalline,7.65,7.99,Settlement,4.95,1,2.05
W_PUD_023,Pudukkottai,10.45712,79.06448,Weathered,8.98,5.64,Settlement,4.77,0,1.79
W_PUD_024,Pudukkottai,10.26756,78.87663,Crystalline,2.94,2.99,Agricultural,2.5,1,1.64
W_PUD_025,Pudukkottai,10.29477,78.88412,Crystalline,6.44,2.81,Waterbody,11.51,0,1.94
W_PUD_026,Pudukkottai,10.44847,79.00994,Crystalline,3.99,7.19,Scrubland,3.97,0,1.9
W_PUD_027,Pudukkottai,10.54307,78.7915,Weathered,7.2,4.77,Settlement,3.66,0,1.2
W_PUD_028,Pudukkottai,10.41404,79.02682,Crystalline,3.09,7.01,Agricultural,6.78,0,2.77
W_PUD_029,Pudukkottai,10.21908,78.87236,Weathered,5.07,3.86,Forest,8.13,0,3.17
W_PUD_030,Pudukkottai,10.41571,78.70214,Weathered,7.51,1.56,Agricultural,1.31,0,3.35
W_PUD_031,Pudukkottai,10.21482,78.68243,Crystalline,5.59,3.52,Agricultural,11.52,1,0.24
W_PUD_032,Pudukkottai,10.50945,79.0289,Crystalline,3.72,0.62,Forest,6.24,0,0.27
W_PUD_033,Pudukkottai,10.44835,78.67501,Crystalline,2.78,3.14,Settlement,8.41,0,1.13
W_PUD_034,Pudukkottai,10.26059,78.77628,Crystalline,4.76,3.39,Agricultural,1.43,0,0.1
W_PUD_035,Pudukkottai,10.2321,78.80036,Crystalline,5.56,3.97,Agricultural,5.23,0,2.96
W_PUD_036,Pudukkottai,10.26424,78.72785,Crystalline,3.82,2.65,Waterbody,5.81,0,0.88
W_PUD_037,Pudukkottai,10.54301,78.79125,Crystalline,4.32,7.45,Waterbody,5.58,0,0.61
W_PUD_038,Pudukkottai,10.3605,78.98421,Weathered,2.33,1.19,Agricultural,0.21,0,0.21
W_PUD_039,Pudukkottai,10.47443,78.65661,Crystalline,2.77,5.0,Waterbody,6.87,0,2.99
W_PUD_040,Pudukkottai,10.42274,79.02223,Weathered,2.03,6.84,Waterbody,2.04,0,3.01
W_PUD_041,Pudukkottai,10.40034,79.03545,Crystalline,3.78,7.36,Waterbody,7.28,0,1.33
W_PUD_042,Pudukkottai,10.2508,78.81752,Weathered,7.69,2.62,Waterbody,7.25,0,1.51
W_PUD_043,Pudukkottai,10.53111,78.71913,Crystalline,4.22,0.72,Forest,4.22,1,0.66
W_PUD_044,Pudukkottai,10.30547,78.92038,Weathered,7.08,5.69,Scrubland,3.87,0,2.12
W_PUD_045,Pudukkottai,10.40231,78.70385,Weathered,2.88,1.24,Settlement,2.16,0,3.47
W_PUD_046,Pudukkottai,10.44492,78.81421,Weathered,2.03,0.23,Waterbody,7.06,1,3.15
W_PUD_047,Pudukkottai,10.42723,79.08129,Weathered,8.16,4.34,Agricultural,3.35,1,2.12
W_PUD_048,Pudukkottai,10.52921,79.09796,Weathered,4.06,5.34,Forest,0.32,0,0.89
W_PUD_049,Pudukkottai,10.25195,78.99745,Weathered,8.12,2.1,Settlement,6.69,0,2.4
W_PUD_050,Pudukkottai,10.37792,78.78993,Weathered,7.08,4.58,Scrubland,11.8,0,1.85
W_PUD_051,Pudukkottai,10.34141,78.95945,Weathered,2.09,6.39,Scrubland,4.95,1,3.12
W_PUD_052,Pudukkottai,10.36596,78.96743,Crystalline,4.77,5.49,Waterbody,11.54,0,0.78
W_PUD_053,Pudukkottai,10.24173,78.82453,Crystalline,8.01,7.31,Scrubland,5.69,0,3.09
W_PUD_054,Pudukkottai,10.24693,78.9384,Weathered,4.65,4.18,Agricultural,8.8,0,2.04
W_PUD_055,Pudukkottai,10.29733,78.65483,Weathered,2.73,7.24,Settlement,9.6,1,0.79
W_PUD_056,Pudukkottai,10.30665,78.74408,Weathered,7.21,0.28,Scrubland,4.59,0,3.12
W_PUD_057,Pudukkottai,10.34977,78.88629,Weathered,4.76,2.62,Scrubland,7.01,0,2.15
W_PUD_058,Pudukkottai,10.41385,78.72369,Crystalline,8.55,3.79,Agricultural,4.59,0,0.55
W_PUD_059,Pudukkottai,10.42212,78.72466,Crystalline,3.14,5.51,Agricultural,11.46,0,0.44
W_PUD_060,Pudukkottai,10.34413,79.02634,Crystalline,7.27,7.06,Scrubland,2.5,0,1.87
